review_id,product_id,rating,review_date
1,35,4,2024-04-11
2,1,5,2024-09-17
3,17,1,2024-01-06
4,5,5,2024-08-22
5,1,4,2024-09-09
6,37,5,2024-10-06
7,38,5,2024-01-11
8,10,4,2024-03-17
9,47,4,2024-01-03
10,44,4,2024-12-20
11,37,3,2024-03-18
12,40,4,2024-08-01
13,38,3,2024-01-29
14,36,4,2024-06-12
15,29,5,2024-05-13
16,45,3,2024-09-04
17,15,5,2024-09-10
18,24,4,2024-02-15
19,26,4,2024-03-24
20,24,5,2024-03-26
21,27,5,2024-06-21
22,45,4,2024-11-24
23,28,3,2024-03-24
24,40,5,2024-05-08
25,36,4,2024-01-29
26,32,3,2024-04-19
27,44,5,2024-06-16
28,10,4,2024-06-03
29,36,4,2024-11-06
30,24,2,2024-09-02
31,1,5,2024-09-04
32,49,4,2024-09-10
33,43,3,2024-03-07
34,49,5,2024-04-08
35,24,3,2024-05-11
36,38,3,2024-05-27
37,35,4,2024-11-29
38,23,4,2024-11-04
39,44,1,2024-10-30
40,43,2,2024-12-20
41,13,5,2024-04-11
42,28,4,2024-04-15
43,48,4,2024-11-05
44,17,4,2024-04-02
45,27,3,2024-11-13
46,26,4,2024-06-10
47,25,4,2024-03-20
48,2,5,2024-12-21
49,33,3,2024-08-08
50,30,2,2024-06-28
51,24,4,2024-09-16
52,45,2,2024-05-31
53,5,5,2024-04-18
54,34,2,2024-07-29
55,11,3,2024-02-25
56,46,2,2024-05-06
57,2,5,2024-06-05
58,2,4,2024-08-17
59,46,5,2024-04-14
60,22,4,2024-07-17
61,18,3,2024-03-15
62,33,1,2024-10-05
63,29,5,2024-11-08
64,44,3,2024-01-19
65,4,4,2024-01-01
66,22,3,2024-02-23
67,49,3,2024-07-05
68,39,4,2024-05-05
69,32,3,2024-12-27
70,6,3,2024-07-16
71,49,4,2024-12-31
72,16,3,2024-04-26
73,6,5,2024-07-30
74,15,4,2024-11-16
75,32,4,2024-06-04
76,31,3,2024-08-04
77,21,4,2024-02-02
78,45,3,2024-05-13
79,41,4,2024-06-01
80,47,4,2024-05-19
81,37,5,2024-10-06
82,16,5,2024-10-31
83,5,5,2024-12-15
84,13,5,2024-09-09
85,44,5,2024-08-07
86,37,5,2024-08-16
87,9,5,2024-02-09
88,4,5,2024-07-23
89,18,3,2024-12-31
90,46,3,2024-03-03
91,36,2,2024-05-16
92,30,3,2024-03-19
93,5,3,2024-06-17
94,16,3,2024-03-23
95,32,3,2024-02-21
96,29,5,2024-03-27
97,6,4,2024-05-15
98,15,4,2024-03-05
99,29,4,2024-12-26
100,24,5,2024-02-29
101,41,5,2024-11-18
102,25,5,2024-04-18
103,2,5,2024-05-07
104,16,3,2024-11-05
105,11,3,2024-11-05
106,7,3,2024-07-25
107,19,5,2024-08-21
108,35,4,2024-11-06
109,39,4,2024-04-18
110,17,4,2024-09-18
111,19,5,2024-07-08
112,11,5,2024-08-29
113,9,5,2024-03-15
114,23,3,2024-01-16
115,17,2,2024-05-12
116,11,3,2024-01-02
117,2,3,2024-03-21
118,36,4,2024-08-08
119,21,5,2024-11-10
120,36,4,2024-01-12
121,42,5,2024-06-11
122,44,4,2024-03-15
123,16,1,2024-09-09
124,9,3,2024-08-08
125,47,4,2024-03-02
126,31,3,2024-02-10
127,34,5,2024-09-14
128,43,5,2024-06-19
129,27,1,2024-03-26
130,35,4,2024-02-26
131,33,3,2024-06-18
132,16,4,2024-05-03
133,41,3,2024-10-16
134,25,1,2024-05-07
135,17,3,2024-10-13
136,37,1,2024-11-24
137,1,4,2024-06-25
138,3,3,2024-07-07
139,37,4,2024-08-12
140,33,3,2024-09-26
141,2,4,2024-09-01
142,19,2,2024-01-25
143,9,3,2024-07-15
144,24,5,2024-07-23
145,19,4,2024-06-12
146,32,3,2024-08-11
147,40,3,2024-07-29
148,10,4,2024-11-01
149,2,5,2024-11-06
150,38,3,2024-09-15
151,35,5,2024-07-29
152,41,4,2024-02-29
153,17,4,2024-06-07
154,48,3,2024-04-01
155,20,4,2024-04-23
156,38,5,2024-05-01
157,48,4,2024-08-17
158,6,5,2024-03-06
159,50,4,2024-02-26
160,21,3,2024-09-30
161,26,4,2024-03-08
162,32,5,2024-09-17
163,27,4,2024-11-14
164,3,4,2024-03-20
165,36,4,2024-04-09
166,37,2,2024-05-22
167,15,4,2024-05-08
168,13,5,2024-03-31
169,6,1,2024-10-28
170,41,2,2024-02-20
171,49,3,2024-09-04
172,19,5,2024-01-14
173,10,5,2024-11-10
174,50,2,2024-09-27
175,9,4,2024-09-26
176,48,4,2024-03-12
177,46,3,2024-01-12
178,6,4,2024-08-26
179,18,4,2024-12-04
180,32,4,2024-03-21
181,38,4,2024-03-28
182,40,4,2024-04-22
183,36,4,2024-03-28
184,40,4,2024-12-12
185,1,5,2024-08-04
186,9,5,2024-12-09
187,30,2,2024-02-23
188,40,4,2024-03-26
189,26,4,2024-05-05
190,45,5,2024-08-14
191,35,4,2024-08-13
192,40,3,2024-03-07
193,12,4,2024-11-07
194,4,5,2024-10-10
195,21,2,2024-02-06
196,38,4,2024-04-11
197,32,2,2024-03-16
198,36,3,2024-02-07
199,1,5,2024-10-23
200,21,4,2024-10-06
201,15,1,2024-07-20
202,26,5,2024-05-21
203,18,1,2024-06-27
204,40,4,2024-05-17
205,10,4,2024-10-03
206,19,4,2024-03-19
207,6,5,2024-06-10
208,34,4,2024-12-05
209,31,5,2024-02-07
210,22,4,2024-04-14
211,4,5,2024-09-04
212,5,4,2024-06-07
213,50,3,2024-01-14
214,17,3,2024-08-25
215,25,1,2024-05-24
216,40,5,2024-03-29
217,42,4,2024-03-04
218,14,3,2024-01-22
219,21,4,2024-01-13
220,10,3,2024-02-13
221,14,2,2024-09-02
222,38,5,2024-09-18
223,19,4,2024-03-01
224,35,3,2024-05-05
225,48,2,2024-06-13
226,17,5,2024-05-01
227,26,4,2024-07-27
228,20,4,2024-09-24
229,47,4,2024-07-13
230,46,5,2024-09-10
231,44,1,2024-11-15
232,1,5,2024-02-12
233,1,5,2024-09-26
234,21,3,2024-11-29
235,49,3,2024-11-17
236,25,3,2024-02-07
237,15,2,2024-04-18
238,27,3,2024-10-12
239,12,4,2024-11-26
240,42,3,2024-01-03
241,2,5,2024-11-21
242,2,4,2024-12-11
243,35,5,2024-02-07
244,5,5,2024-05-13
245,26,3,2024-08-18
246,4,5,2024-02-26
247,32,1,2024-01-09
248,28,4,2024-08-20
249,13,5,2024-08-10
250,17,4,2024-05-03
251,23,4,2024-02-13
252,3,5,2024-01-11
253,16,5,2024-03-01
254,8,3,2024-07-05
255,21,3,2024-08-30
256,13,3,2024-10-09
257,7,3,2024-03-31
258,35,4,2024-06-23
259,18,5,2024-07-09
260,27,3,2024-02-10
261,20,4,2024-02-23
262,2,4,2024-02-27
263,28,5,2024-09-17
264,47,4,2024-11-28
265,20,4,2024-04-26
266,45,4,2024-05-02
267,48,4,2024-05-16
268,7,5,2024-06-08
269,5,3,2024-04-08
270,9,5,2024-01-11
271,33,3,2024-10-08
272,19,4,2024-04-05
273,36,4,2024-10-21
274,38,3,2024-10-26
275,47,5,2024-06-18
276,2,5,2024-06-13
277,2,5,2024-02-02
278,21,3,2024-11-26
279,9,5,2024-03-03
280,31,4,2024-06-17
281,42,4,2024-06-21
282,7,5,2024-01-02
283,30,4,2024-11-24
284,41,5,2024-10-30
285,42,5,2024-01-14
286,26,3,2024-06-15
287,42,4,2024-10-13
288,26,4,2024-08-14
289,7,5,2024-05-08
290,49,4,2024-02-15
291,30,2,2024-11-09
292,17,4,2024-08-12
293,34,2,2024-06-13
294,21,3,2024-10-26
295,30,5,2024-02-04
296,8,1,2024-02-07
297,33,4,2024-04-22
298,24,4,2024-03-12
299,13,5,2024-05-31
300,21,5,2024-06-18
301,27,5,2024-07-01
302,7,4,2024-06-27
303,9,1,2024-02-15
304,5,3,2024-04-27
305,1,4,2024-02-17
306,20,4,2024-09-08
307,6,5,2024-11-25
308,2,4,2024-08-06
309,37,4,2024-08-09
310,27,3,2024-02-03
311,37,4,2024-12-28
312,10,4,2024-03-06
313,21,5,2024-02-29
314,19,4,2024-09-24
315,1,5,2024-08-26
316,15,2,2024-09-06
317,34,3,2024-04-07
318,48,4,2024-11-12
319,27,5,2024-06-05
320,35,5,2024-12-24
321,2,5,2024-08-21
322,21,3,2024-08-12
323,24,2,2024-03-31
324,48,4,2024-10-31
325,17,1,2024-08-05
326,20,3,2024-05-27
327,29,5,2024-11-17
328,1,4,2024-02-18
329,34,4,2024-03-24
330,27,4,2024-11-28
331,41,3,2024-06-26
332,13,4,2024-04-28
333,37,5,2024-07-23
334,25,5,2024-07-31
335,30,3,2024-05-29
336,5,5,2024-10-22
337,22,4,2024-04-23
338,31,3,2024-02-01
339,49,5,2024-05-22
340,37,4,2024-01-04
341,27,3,2024-07-17
342,16,1,2024-05-03
343,11,5,2024-01-03
344,28,3,2024-05-29
345,33,3,2024-04-10
346,12,4,2024-01-05
347,21,2,2024-02-16
348,30,3,2024-07-25
349,39,1,2024-06-25
350,44,3,2024-04-26
351,44,4,2024-12-21
352,38,4,2024-06-08
353,20,5,2024-03-27
354,18,3,2024-10-04
355,29,5,2024-05-08
356,49,2,2024-12-06
357,15,5,2024-07-25
358,16,3,2024-01-21
359,20,5,2024-07-28
360,45,5,2024-06-25
361,3,5,2024-11-15
362,36,4,2024-07-14
363,49,5,2024-09-06
364,11,4,2024-06-03
365,39,5,2024-08-10
366,3,5,2024-06-25
367,39,3,2024-06-13
368,5,5,2024-10-01
369,22,5,2024-08-29
370,1,5,2024-08-09
371,39,2,2024-12-14
372,47,4,2024-10-08
373,17,5,2024-01-18
374,33,2,2024-03-29
375,20,5,2024-12-26
376,30,4,2024-11-19
377,46,5,2024-07-24
378,49,4,2024-01-27
379,25,4,2024-11-03
380,43,5,2024-12-24
381,50,4,2024-05-04
382,10,3,2024-09-20
383,39,5,2024-11-15
384,40,3,2024-02-28
385,33,4,2024-11-08
386,41,4,2024-09-23
387,44,5,2024-05-09
388,45,5,2024-09-26
389,9,3,2024-03-11
390,5,5,2024-05-10
391,25,5,2024-11-21
392,16,1,2024-09-14
393,9,4,2024-03-23
394,29,5,2024-02-18
395,32,4,2024-06-26
396,33,2,2024-08-04
397,34,4,2024-12-03
398,10,3,2024-11-30
399,23,2,2024-01-31
400,24,3,2024-08-23
401,3,5,2024-07-09
402,8,4,2024-08-12
403,17,5,2024-01-02
404,4,4,2024-02-19
405,46,4,2024-10-26
406,42,4,2024-02-17
407,8,2,2024-11-21
408,34,4,2024-03-03
409,23,4,2024-05-31
410,47,3,2024-12-18
411,20,3,2024-11-04
412,35,1,2024-08-10
413,25,4,2024-03-14
414,49,5,2024-12-20
415,8,3,2024-11-20
416,11,3,2024-06-06
417,24,1,2024-12-23
418,34,5,2024-06-25
419,31,1,2024-09-04
420,43,3,2024-10-15
421,15,4,2024-01-08
422,39,3,2024-05-05
423,36,5,2024-01-27
424,41,4,2024-05-19
425,12,4,2024-04-14
426,29,4,2024-05-16
427,30,2,2024-05-04
428,32,5,2024-06-19
429,9,3,2024-08-15
430,24,3,2024-02-05
431,6,5,2024-12-04
432,34,5,2024-11-03
433,31,1,2024-07-20
434,47,3,2024-07-19
435,18,4,2024-03-23
436,40,3,2024-03-30
437,12,3,2024-07-22
438,43,5,2024-04-19
439,24,4,2024-07-01
440,20,3,2024-10-17
441,14,3,2024-06-24
442,33,3,2024-05-09
443,16,4,2024-07-21
444,21,3,2024-08-16
445,35,5,2024-12-05
446,32,3,2024-09-16
447,36,4,2024-01-12
448,48,3,2024-01-11
449,9,4,2024-08-25
450,8,5,2024-05-18
451,33,4,2024-10-24
452,33,5,2024-06-19
453,40,3,2024-05-30
454,9,3,2024-04-15
455,44,5,2024-06-02
456,26,4,2024-07-06
457,12,5,2024-12-24
458,29,3,2024-08-31
459,42,4,2024-07-13
460,19,3,2024-03-11
461,9,2,2024-06-07
462,44,5,2024-10-16
463,39,2,2024-04-30
464,44,3,2024-10-06
465,50,3,2024-06-26
466,41,5,2024-01-21
467,41,4,2024-10-12
468,44,1,2024-02-05
469,47,4,2024-01-24
470,34,4,2024-03-15
471,43,5,2024-07-20
472,14,3,2024-01-27
473,37,2,2024-01-31
474,5,4,2024-03-30
475,8,1,2024-07-09
476,36,5,2024-09-16
477,11,5,2024-08-21
478,18,5,2024-08-07
479,36,5,2024-04-17
480,31,3,2024-01-14
481,36,3,2024-02-15
482,37,2,2024-03-18
483,1,5,2024-07-26
484,23,5,2024-10-22
485,8,2,2024-10-23
486,21,1,2024-05-27
487,1,5,2024-04-11
488,15,4,2024-12-09
489,2,5,2024-05-25
490,31,4,2024-01-23
491,3,5,2024-11-16
492,37,3,2024-04-01
493,2,5,2024-08-26
494,42,3,2024-03-18
495,11,1,2024-06-14
496,44,5,2024-11-06
497,8,3,2024-05-28
498,19,4,2024-04-19
499,33,3,2024-10-20
500,48,2,2024-08-18
501,39,3,2024-01-12
502,36,5,2024-01-14
503,16,5,2024-03-07
504,34,4,2024-03-24
505,6,4,2024-07-30
506,26,2,2024-11-22
507,43,3,2024-08-19
508,22,1,2024-07-30
509,44,4,2024-08-23
510,43,4,2024-03-05
511,23,5,2024-06-10
512,26,5,2024-05-18
513,12,5,2024-07-04
514,16,5,2024-08-23
515,27,4,2024-06-14
516,38,4,2024-06-29
517,20,4,2024-12-03
518,16,5,2024-02-18
519,41,3,2024-11-20
520,39,5,2024-08-21
521,26,4,2024-10-15
522,35,1,2024-02-21
523,20,3,2024-03-08
524,1,5,2024-02-22
525,41,1,2024-03-09
526,33,4,2024-03-04
527,15,4,2024-05-30
528,47,4,2024-04-19
529,23,3,2024-05-25
530,42,3,2024-03-28
531,47,5,2024-05-04
532,12,4,2024-10-14
533,32,2,2024-07-11
534,20,3,2024-07-03
535,22,1,2024-09-23
536,9,4,2024-05-27
537,34,4,2024-07-05
538,42,3,2024-12-10
539,18,4,2024-11-07
540,12,4,2024-07-06
541,10,5,2024-08-09
542,35,4,2024-09-09
543,43,5,2024-02-15
544,22,5,2024-12-18
545,11,4,2024-08-16
546,21,5,2024-03-13
547,31,2,2024-12-03
548,34,3,2024-09-04
549,32,4,2024-10-12
550,28,4,2024-01-10
551,13,4,2024-03-30
552,34,5,2024-11-08
553,23,2,2024-11-27
554,35,3,2024-02-21
555,2,5,2024-07-10
556,27,4,2024-05-18
557,47,4,2024-10-26
558,7,4,2024-03-28
559,5,4,2024-06-07
560,6,4,2024-09-27
561,45,2,2024-08-12
562,44,2,2024-09-20
563,2,5,2024-11-05
564,23,4,2024-12-22
565,36,4,2024-07-06
566,10,5,2024-01-28
567,18,4,2024-12-31
568,13,5,2024-05-25
569,35,3,2024-05-07
570,38,4,2024-01-23
571,47,3,2024-01-17
572,40,4,2024-10-14
573,15,3,2024-06-21
574,29,4,2024-12-10
575,9,3,2024-01-31
576,47,2,2024-05-16
577,15,4,2024-11-18
578,6,1,2024-02-18
579,21,3,2024-10-12
580,39,5,2024-12-07
581,43,4,2024-11-16
582,42,4,2024-07-18
583,5,4,2024-10-02
584,31,5,2024-01-23
585,23,4,2024-11-08
586,38,5,2024-05-23
587,7,4,2024-01-11
588,36,5,2024-07-01
589,40,3,2024-01-26
590,48,5,2024-05-06
591,19,4,2024-12-13
592,49,3,2024-07-07
593,22,4,2024-03-21
594,33,4,2024-02-10
595,39,4,2024-03-10
596,50,4,2024-10-21
597,3,5,2024-04-01
598,29,5,2024-11-04
599,9,4,2024-04-23
600,48,4,2024-04-25
601,24,5,2024-07-17
602,8,4,2024-10-14
603,29,3,2024-12-29
604,21,4,2024-04-02
605,22,5,2024-01-24
606,13,1,2024-12-13
607,25,4,2024-05-12
608,46,5,2024-03-17
609,7,4,2024-11-14
610,21,4,2024-03-09
611,20,5,2024-12-14
612,21,3,2024-07-14
613,8,3,2024-12-22
614,7,5,2024-11-08
615,34,3,2024-10-19
616,34,4,2024-12-05
617,41,5,2024-09-01
618,1,5,2024-01-08
619,18,5,2024-10-09
620,5,4,2024-10-01
621,19,5,2024-04-25
622,25,3,2024-01-03
623,23,5,2024-11-18
624,29,5,2024-07-25
625,18,5,2024-07-22
626,29,2,2024-02-06
627,41,5,2024-09-05
628,34,5,2024-02-11
629,10,4,2024-01-27
630,10,4,2024-04-06
631,42,4,2024-10-13
632,37,5,2024-02-26
633,34,1,2024-03-13
634,39,5,2024-06-29
635,18,5,2024-11-07
636,9,3,2024-04-28
637,34,5,2024-03-20
638,30,4,2024-06-09
639,18,4,2024-02-29
640,37,4,2024-01-17
641,26,3,2024-05-30
642,40,5,2024-05-12
643,5,5,2024-05-08
644,33,4,2024-08-02
645,30,3,2024-06-30
646,44,2,2024-06-27
647,23,5,2024-04-09
648,3,5,2024-04-02
649,27,1,2024-01-13
650,23,4,2024-08-04
651,1,5,2024-10-11
652,26,5,2024-08-04
653,7,5,2024-09-14
654,40,5,2024-07-05
655,24,3,2024-11-05
656,3,5,2024-12-16
657,50,3,2024-08-22
658,4,3,2024-04-10
659,33,4,2024-12-19
660,6,3,2024-12-12
661,8,3,2024-02-20
662,36,5,2024-04-08
663,49,4,2024-03-25
664,26,5,2024-12-17
665,46,3,2024-11-08
666,26,4,2024-08-16
667,42,3,2024-04-25
668,42,4,2024-10-09
669,49,4,2024-03-22
670,7,3,2024-06-05
671,5,5,2024-08-03
672,4,3,2024-09-30
673,20,4,2024-09-24
674,21,1,2024-11-11
675,49,4,2024-07-24
676,32,4,2024-02-07
677,43,5,2024-06-27
678,26,5,2024-09-17
679,40,3,2024-08-06
680,36,1,2024-05-29
681,25,3,2024-02-04
682,38,5,2024-01-24
683,25,5,2024-09-16
684,23,5,2024-08-01
685,48,3,2024-05-05
686,8,5,2024-12-10
687,41,5,2024-06-18
688,34,4,2024-04-08
689,17,4,2024-02-06
690,42,3,2024-10-12
691,11,4,2024-01-31
692,25,5,2024-11-16
693,28,4,2024-08-22
694,50,5,2024-08-08
695,17,4,2024-03-03
696,10,4,2024-05-05
697,32,5,2024-01-25
698,33,5,2024-02-09
699,33,3,2024-02-01
700,33,5,2024-01-28
701,28,2,2024-09-18
702,4,5,2024-09-05
703,37,2,2024-10-19
704,26,4,2024-06-22
705,18,3,2024-08-01
706,19,4,2024-07-16
707,36,3,2024-08-15
708,49,3,2024-06-12
709,32,3,2024-11-14
710,27,2,2024-01-18
711,48,4,2024-01-21
712,29,5,2024-05-19
713,25,3,2024-11-23
714,13,4,2024-01-30
715,38,5,2024-02-07
716,23,3,2024-08-31
717,8,3,2024-09-09
718,18,5,2024-06-07
719,50,1,2024-05-28
720,1,3,2024-10-21
721,38,4,2024-09-04
722,47,2,2024-04-01
723,5,4,2024-07-31
724,15,4,2024-06-01
725,41,1,2024-11-30
726,11,4,2024-06-18
727,46,4,2024-01-25
728,42,3,2024-09-14
729,40,5,2024-10-25
730,24,3,2024-01-29
731,39,1,2024-02-16
732,47,4,2024-01-29
733,39,4,2024-05-24
734,43,2,2024-07-09
735,42,5,2024-01-28
736,18,5,2024-07-12
737,24,4,2024-01-21
738,47,1,2024-11-13
739,20,4,2024-07-10
740,45,4,2024-08-28
741,27,5,2024-01-06
742,13,3,2024-05-21
743,50,4,2024-03-30
744,32,4,2024-12-06
745,20,2,2024-03-02
746,41,5,2024-09-27
747,41,5,2024-02-27
748,42,3,2024-07-28
749,1,3,2024-07-12
750,4,5,2024-05-09
751,37,5,2024-09-26
752,30,4,2024-12-02
753,11,5,2024-05-17
754,16,5,2024-06-12
755,5,5,2024-08-03
756,7,5,2024-09-19
757,49,1,2024-07-16
758,10,3,2024-12-04
759,6,4,2024-09-14
760,33,5,2024-01-25
761,4,4,2024-10-18
762,4,5,2024-07-27
763,17,4,2024-09-17
764,30,4,2024-06-22
765,46,5,2024-12-30
766,2,5,2024-01-06
767,11,4,2024-07-04
768,16,4,2024-10-11
769,25,4,2024-09-16
770,15,2,2024-03-13
771,4,5,2024-10-07
772,35,2,2024-08-24
773,12,3,2024-09-07
774,43,4,2024-01-31
775,1,5,2024-12-04
776,8,4,2024-04-02
777,47,3,2024-01-03
778,26,5,2024-06-20
779,23,3,2024-09-20
780,11,5,2024-12-27
781,20,5,2024-11-02
782,26,1,2024-08-24
783,43,3,2024-05-31
784,43,5,2024-05-09
785,6,1,2024-07-29
786,42,3,2024-01-28
787,12,4,2024-02-27
788,47,5,2024-07-19
789,28,2,2024-08-09
790,23,3,2024-01-31
791,11,1,2024-06-18
792,26,4,2024-02-24
793,24,3,2024-04-09
794,35,5,2024-06-03
795,39,5,2024-04-29
796,4,5,2024-12-09
797,10,1,2024-07-13
798,13,2,2024-11-05
799,45,1,2024-11-15
800,21,4,2024-11-23
801,22,3,2024-05-13
802,44,4,2024-06-21
803,24,4,2024-09-07
804,22,5,2024-09-19
805,30,2,2024-12-16
806,13,1,2024-11-30
807,21,5,2024-08-24
808,47,3,2024-09-11
809,28,5,2024-10-06
810,45,3,2024-12-15
811,43,4,2024-07-16
812,40,2,2024-03-04
813,22,2,2024-10-01
814,39,4,2024-01-27
815,25,3,2024-03-01
816,47,4,2024-12-30
817,33,3,2024-06-22
818,5,4,2024-06-06
819,7,5,2024-04-21
820,47,2,2024-02-12
821,32,5,2024-07-22
822,35,4,2024-08-19
823,9,3,2024-06-07
824,11,5,2024-09-16
825,29,4,2024-05-19
826,42,5,2024-02-25
827,1,5,2024-10-21
828,2,5,2024-07-04
829,34,3,2024-06-30
830,45,5,2024-03-10
831,3,5,2024-12-18
832,25,3,2024-06-15
833,24,2,2024-01-05
834,49,4,2024-04-23
835,26,3,2024-09-16
836,32,4,2024-10-04
837,47,3,2024-11-20
838,39,4,2024-05-14
839,29,3,2024-07-14
840,6,4,2024-07-18
841,38,1,2024-11-19
842,4,3,2024-03-30
843,4,5,2024-09-17
844,5,3,2024-07-27
845,2,5,2024-03-01
846,37,3,2024-10-02
847,43,2,2024-12-30
848,21,3,2024-07-26
849,3,3,2024-05-22
850,31,4,2024-12-14
851,15,3,2024-05-17
852,36,4,2024-11-22
853,43,4,2024-09-22
854,3,5,2024-05-23
855,35,4,2024-07-19
856,30,4,2024-05-04
857,10,5,2024-05-17
858,13,3,2024-01-08
859,46,4,2024-07-07
860,15,5,2024-05-24
861,1,5,2024-06-03
862,32,5,2024-10-23
863,19,3,2024-03-22
864,32,4,2024-12-09
865,4,5,2024-09-08
866,31,1,2024-05-29
867,45,4,2024-03-13
868,33,4,2024-12-27
869,16,5,2024-03-29
870,10,4,2024-04-19
871,16,5,2024-07-24
872,24,5,2024-05-05
873,13,2,2024-11-16
874,10,4,2024-01-31
875,46,5,2024-06-25
876,48,5,2024-08-21
877,13,5,2024-08-18
878,9,4,2024-08-18
879,34,4,2024-04-09
880,44,1,2024-05-02
881,12,3,2024-12-31
882,22,4,2024-07-27
883,42,1,2024-12-28
884,16,4,2024-11-03
885,50,3,2024-01-11
886,47,4,2024-06-10
887,42,3,2024-10-11
888,21,3,2024-03-09
889,15,5,2024-01-14
890,5,5,2024-12-14
891,10,3,2024-02-28
892,40,1,2024-02-26
893,1,5,2024-04-13
894,18,5,2024-05-14
895,20,4,2024-05-08
896,35,4,2024-11-03
897,9,2,2024-04-15
898,16,4,2024-01-23
899,30,4,2024-10-12
900,6,5,2024-05-17
901,18,3,2024-06-17
902,43,4,2024-02-23
903,20,1,2024-11-21
904,34,5,2024-04-16
905,44,4,2024-08-06
906,16,4,2024-05-18
907,6,3,2024-07-21
908,30,4,2024-04-01
909,24,3,2024-09-07
910,47,5,2024-03-21
911,8,4,2024-08-12
912,29,3,2024-12-04
913,48,5,2024-04-04
914,42,3,2024-11-01
915,14,4,2024-01-09
916,17,1,2024-02-24
917,38,4,2024-12-01
918,27,1,2024-08-13
919,29,5,2024-08-14
920,38,5,2024-02-10
921,23,4,2024-03-20
922,13,3,2024-04-03
923,13,5,2024-02-08
924,35,5,2024-03-27
925,43,4,2024-12-28
926,24,4,2024-08-08
927,9,4,2024-10-12
928,34,5,2024-03-05
929,48,3,2024-02-09
930,45,3,2024-10-23
931,12,5,2024-12-01
932,4,5,2024-04-26
933,22,5,2024-06-19
934,35,4,2024-05-20
935,6,3,2024-03-26
936,14,5,2024-08-22
937,16,4,2024-10-07
938,10,2,2024-09-12
939,24,5,2024-09-07
940,11,4,2024-08-17
941,44,4,2024-01-11
942,11,3,2024-03-17
943,35,3,2024-06-20
944,41,4,2024-05-03
945,40,5,2024-07-23
946,3,4,2024-09-02
947,44,4,2024-05-02
948,28,3,2024-07-02
949,21,4,2024-03-07
950,31,2,2024-10-06
951,44,4,2024-07-01
952,38,4,2024-06-12
953,44,4,2024-08-15
954,22,4,2024-07-04
955,27,2,2024-08-14
956,45,5,2024-10-30
957,20,5,2024-04-10
958,15,3,2024-09-14
959,8,3,2024-05-30
960,48,4,2024-11-24
961,6,4,2024-11-24
962,16,4,2024-04-12
963,38,3,2024-01-14
964,5,5,2024-11-23
965,47,4,2024-11-10
966,23,5,2024-09-14
967,18,5,2024-08-30
968,18,5,2024-09-14
969,13,3,2024-05-11
970,47,4,2024-06-07
971,12,4,2024-07-19
972,3,4,2024-06-23
973,11,2,2024-11-24
974,6,5,2024-01-13
975,29,3,2024-10-11
976,42,4,2024-02-19
977,2,4,2024-08-17
978,34,2,2024-03-27
979,25,5,2024-11-25
980,9,2,2024-03-15
981,14,5,2024-10-22
982,28,4,2024-04-29
983,34,5,2024-07-14
984,33,4,2024-08-17
985,31,4,2024-05-18
986,24,3,2024-12-30
987,34,4,2024-06-24
988,40,4,2024-09-17
989,18,4,2024-08-24
990,38,4,2024-04-12
991,44,3,2024-02-06
992,49,5,2024-12-10
993,17,1,2024-05-10
994,2,5,2024-02-27
995,23,4,2024-08-08
996,31,4,2024-09-18
997,37,4,2024-08-17
998,16,3,2024-06-23
999,37,4,2024-10-16
1000,12,5,2024-11-23
1001,18,5,2024-01-07
1002,20,3,2024-06-01
1003,45,4,2024-05-15
1004,42,3,2024-01-09
1005,23,5,2024-12-14
1006,44,3,2024-02-18
1007,44,3,2024-03-06
1008,49,4,2024-10-15
1009,39,4,2024-03-30
1010,33,4,2024-01-17
1011,10,4,2024-08-11
1012,15,2,2024-10-28
1013,46,4,2024-10-29
1014,22,2,2024-07-16
1015,47,4,2024-04-21
1016,39,2,2024-10-16
1017,19,4,2024-08-26
1018,6,4,2024-11-21
1019,32,3,2024-11-17
1020,21,4,2024-01-17
1021,30,4,2024-03-29
1022,27,5,2024-03-29
1023,26,4,2024-02-04
1024,50,4,2024-08-06
1025,46,4,2024-10-24
1026,2,4,2024-07-03
1027,24,3,2024-12-18
1028,7,3,2024-10-09
1029,46,2,2024-11-19
1030,22,5,2024-07-15
1031,32,1,2024-03-23
1032,6,4,2024-06-26
1033,25,3,2024-12-24
1034,16,4,2024-02-21
1035,17,3,2024-02-19
1036,48,4,2024-02-12
1037,33,4,2024-08-20
1038,31,5,2024-10-12
1039,50,4,2024-06-17
1040,4,4,2024-03-28
1041,8,4,2024-08-08
1042,43,5,2024-12-13
1043,3,5,2024-04-18
1044,9,3,2024-05-17
1045,17,4,2024-02-29
1046,33,3,2024-05-31
1047,50,3,2024-06-15
1048,21,4,2024-09-28
1049,35,4,2024-05-12
1050,43,1,2024-10-13
1051,47,5,2024-12-27
1052,8,2,2024-02-20
1053,12,4,2024-05-05
1054,32,3,2024-03-19
1055,44,2,2024-08-19
1056,43,5,2024-10-02
1057,37,2,2024-04-04
1058,33,1,2024-02-06
1059,7,3,2024-06-07
1060,37,2,2024-10-08
1061,36,5,2024-03-16
1062,29,3,2024-07-02
1063,42,3,2024-06-06
1064,8,3,2024-06-02
1065,36,5,2024-02-25
1066,5,5,2024-02-01
1067,35,4,2024-02-26
1068,41,5,2024-04-29
1069,42,4,2024-02-06
1070,23,4,2024-09-17
1071,25,4,2024-04-17
1072,41,2,2024-12-04
1073,7,4,2024-01-11
1074,16,5,2024-10-27
1075,44,3,2024-11-23
1076,18,3,2024-07-22
1077,21,4,2024-02-11
1078,50,5,2024-02-05
1079,30,3,2024-01-13
1080,46,5,2024-05-08
1081,25,4,2024-09-01
1082,26,4,2024-07-14
1083,42,1,2024-08-29
1084,31,3,2024-05-15
1085,19,3,2024-02-18
1086,19,4,2024-12-28
1087,2,4,2024-10-22
1088,13,3,2024-02-26
1089,49,4,2024-04-24
1090,7,1,2024-04-10
1091,6,5,2024-05-10
1092,14,4,2024-11-26
1093,28,5,2024-07-27
1094,17,1,2024-04-06
1095,9,4,2024-11-28
1096,47,5,2024-10-21
1097,6,1,2024-08-09
1098,47,3,2024-03-03
1099,27,2,2024-05-27
1100,1,5,2024-07-20
1101,10,5,2024-05-09
1102,39,2,2024-11-18
1103,12,3,2024-06-13
1104,4,5,2024-03-16
1105,22,4,2024-02-03
1106,5,5,2024-08-21
1107,5,5,2024-07-13
1108,4,4,2024-09-26
1109,50,2,2024-04-12
1110,16,4,2024-01-07
1111,39,3,2024-01-18
1112,4,4,2024-01-08
1113,29,3,2024-05-14
1114,29,3,2024-12-26
1115,43,2,2024-09-19
1116,46,3,2024-10-18
1117,6,3,2024-05-16
1118,7,3,2024-02-08
1119,5,4,2024-10-19
1120,9,4,2024-08-09
1121,10,3,2024-04-26
1122,10,4,2024-05-22
1123,7,5,2024-11-04
1124,29,5,2024-12-26
1125,9,2,2024-07-28
1126,37,3,2024-06-10
1127,49,4,2024-08-29
1128,35,2,2024-08-06
1129,4,4,2024-12-26
1130,46,4,2024-12-03
1131,1,5,2024-07-05
1132,50,4,2024-03-19
1133,25,4,2024-05-15
1134,24,3,2024-08-22
1135,46,4,2024-03-15
1136,11,4,2024-03-14
1137,49,4,2024-12-02
1138,36,4,2024-05-23
1139,18,4,2024-07-25
1140,13,1,2024-05-09
1141,14,4,2024-12-15
1142,45,4,2024-08-24
1143,9,4,2024-01-24
1144,41,5,2024-05-22
1145,28,3,2024-10-07
1146,50,2,2024-11-13
1147,37,4,2024-03-08
1148,35,4,2024-10-12
1149,5,4,2024-04-01
1150,5,5,2024-05-09
1151,4,5,2024-09-14
1152,23,4,2024-08-21
1153,28,1,2024-04-15
1154,9,2,2024-12-08
1155,14,4,2024-05-08
1156,12,4,2024-03-29
1157,26,3,2024-11-05
1158,47,5,2024-02-10
1159,38,4,2024-04-18
1160,47,5,2024-04-27
1161,17,4,2024-06-08
1162,8,4,2024-04-12
1163,5,5,2024-06-08
1164,15,5,2024-11-15
1165,16,5,2024-10-18
1166,44,4,2024-01-03
1167,43,4,2024-09-17
1168,50,1,2024-11-25
1169,7,2,2024-08-07
1170,13,3,2024-07-03
1171,35,5,2024-12-13
1172,26,3,2024-01-03
1173,19,4,2024-10-14
1174,16,4,2024-10-17
1175,41,2,2024-10-16
1176,24,5,2024-11-16
1177,48,5,2024-08-13
1178,27,5,2024-02-19
1179,14,4,2024-04-29
1180,42,3,2024-05-07
1181,11,4,2024-03-23
1182,20,3,2024-08-29
1183,2,4,2024-11-05
1184,41,2,2024-10-23
1185,26,5,2024-07-20
1186,21,5,2024-12-08
1187,6,4,2024-09-16
1188,10,2,2024-04-11
1189,27,3,2024-12-09
1190,1,5,2024-09-01
1191,35,5,2024-02-27
1192,17,4,2024-04-20
1193,41,1,2024-09-04
1194,20,4,2024-06-14
1195,47,4,2024-07-17
1196,18,2,2024-05-03
1197,13,4,2024-03-30
1198,15,3,2024-08-27
1199,31,4,2024-09-18
1200,8,3,2024-10-06
1201,20,5,2024-01-07
1202,3,5,2024-06-28
1203,4,3,2024-01-19
1204,46,5,2024-09-01
1205,9,4,2024-06-01
1206,27,3,2024-03-15
1207,33,3,2024-03-06
1208,20,4,2024-04-25
1209,34,5,2024-01-28
1210,46,5,2024-03-09
1211,34,2,2024-02-15
1212,33,4,2024-07-20
1213,48,5,2024-03-12
1214,3,5,2024-08-29
1215,40,2,2024-11-09
1216,28,5,2024-12-29
1217,13,5,2024-03-08
1218,23,4,2024-06-25
1219,26,5,2024-11-17
1220,43,3,2024-02-13
1221,13,5,2024-08-06
1222,34,5,2024-05-29
1223,9,4,2024-02-20
1224,41,5,2024-04-02
1225,2,5,2024-05-09
1226,18,4,2024-09-27
1227,39,3,2024-10-20
1228,45,1,2024-04-03
1229,26,4,2024-06-27
1230,47,3,2024-08-19
1231,24,2,2024-11-21
1232,17,5,2024-04-02
1233,23,4,2024-06-15
1234,8,4,2024-02-03
1235,24,3,2024-09-14
1236,32,3,2024-12-03
1237,37,3,2024-06-25
1238,27,4,2024-04-08
1239,6,4,2024-12-14
1240,36,5,2024-09-02
1241,26,4,2024-08-15
1242,16,4,2024-07-20
1243,4,5,2024-03-10
1244,12,2,2024-08-08
1245,48,5,2024-10-12
1246,42,3,2024-08-25
1247,17,5,2024-12-21
1248,36,5,2024-06-29
1249,50,3,2024-02-13
1250,1,4,2024-11-10
1251,38,4,2024-08-26
1252,19,3,2024-11-25
1253,2,5,2024-09-18
1254,19,3,2024-05-28
1255,19,4,2024-08-31
1256,24,4,2024-12-04
1257,28,3,2024-04-07
1258,16,4,2024-10-23
1259,28,4,2024-02-06
1260,48,4,2024-06-14
1261,20,5,2024-03-04
1262,19,4,2024-06-27
1263,23,2,2024-01-10
1264,46,4,2024-07-20
1265,4,4,2024-12-01
1266,29,4,2024-08-17
1267,26,5,2024-05-09
1268,37,4,2024-07-13
1269,11,2,2024-06-12
1270,4,5,2024-02-05
1271,4,4,2024-11-18
1272,29,4,2024-05-18
1273,49,5,2024-10-19
1274,18,2,2024-07-09
1275,50,4,2024-10-29
1276,23,5,2024-05-16
1277,8,4,2024-04-23
1278,46,2,2024-07-28
1279,24,5,2024-06-29
1280,30,2,2024-11-19
1281,28,4,2024-01-26
1282,44,2,2024-12-05
1283,10,5,2024-12-22
1284,41,3,2024-02-07
1285,27,3,2024-10-13
1286,21,4,2024-01-29
1287,21,3,2024-10-13
1288,32,3,2024-10-04
1289,36,2,2024-06-15
1290,41,5,2024-07-06
1291,28,5,2024-10-03
1292,34,4,2024-01-03
1293,17,3,2024-12-05
1294,8,4,2024-05-26
1295,1,4,2024-08-25
1296,44,3,2024-03-01
1297,45,5,2024-01-21
1298,45,4,2024-07-24
1299,38,4,2024-03-03
1300,41,3,2024-11-29
1301,29,4,2024-03-13
1302,29,3,2024-06-10
1303,9,5,2024-10-11
1304,26,4,2024-01-10
1305,35,4,2024-03-18
1306,24,2,2024-05-02
1307,35,3,2024-06-11
1308,25,2,2024-05-17
1309,24,3,2024-11-05
1310,6,2,2024-10-06
1311,49,4,2024-04-30
1312,36,3,2024-09-20
1313,38,3,2024-07-11
1314,37,4,2024-07-21
1315,22,4,2024-12-15
1316,8,5,2024-01-12
1317,3,5,2024-12-19
1318,26,5,2024-03-21
1319,46,4,2024-06-02
1320,23,1,2024-12-29
1321,45,3,2024-12-14
1322,8,3,2024-04-27
1323,18,3,2024-05-24
1324,30,5,2024-01-30
1325,41,4,2024-07-27
1326,41,4,2024-01-30
1327,48,4,2024-06-03
1328,43,4,2024-08-20
1329,22,5,2024-06-16
1330,25,2,2024-10-10
1331,20,3,2024-01-04
1332,8,5,2024-09-03
1333,24,5,2024-12-14
1334,32,3,2024-09-29
1335,26,3,2024-07-20
1336,2,4,2024-02-10
1337,22,5,2024-09-06
1338,4,5,2024-12-30
1339,24,4,2024-10-25
1340,47,4,2024-10-18
1341,15,3,2024-06-13
1342,49,5,2024-02-25
1343,49,2,2024-11-27
1344,32,3,2024-12-09
1345,47,5,2024-12-29
1346,11,4,2024-10-28
1347,14,3,2024-10-14
1348,37,3,2024-06-21
1349,27,4,2024-12-17
1350,50,3,2024-07-09
1351,33,4,2024-11-30
1352,19,5,2024-09-25
1353,38,3,2024-01-10
1354,40,4,2024-07-24
1355,33,4,2024-02-10
1356,49,4,2024-04-29
1357,29,3,2024-09-15
1358,18,4,2024-05-20
1359,6,5,2024-09-08
1360,30,4,2024-09-20
1361,49,3,2024-12-26
1362,28,5,2024-07-03
1363,22,1,2024-02-16
1364,34,5,2024-05-01
1365,47,3,2024-03-15
1366,49,3,2024-10-16
1367,27,4,2024-04-09
1368,37,5,2024-10-14
1369,27,1,2024-08-18
1370,41,3,2024-07-21
1371,32,5,2024-06-11
1372,29,3,2024-09-12
1373,46,5,2024-06-17
1374,12,3,2024-04-28
1375,6,5,2024-01-12
1376,37,4,2024-03-01
1377,31,3,2024-04-15
1378,34,2,2024-06-03
1379,42,4,2024-08-02
1380,13,2,2024-01-16
1381,16,4,2024-03-27
1382,42,3,2024-11-01
1383,39,5,2024-03-19
1384,22,3,2024-07-02
1385,28,4,2024-03-01
1386,31,4,2024-09-13
1387,12,5,2024-01-23
1388,36,3,2024-12-02
1389,46,4,2024-06-15
1390,43,4,2024-10-28
1391,46,5,2024-01-09
1392,3,4,2024-03-29
1393,29,4,2024-06-04
1394,43,2,2024-03-28
1395,42,3,2024-02-08
1396,12,4,2024-05-19
1397,12,4,2024-10-14
1398,8,2,2024-10-17
1399,16,2,2024-10-12
1400,20,5,2024-10-02
1401,45,4,2024-01-13
1402,18,5,2024-03-23
1403,7,4,2024-09-14
1404,27,4,2024-02-22
1405,15,3,2024-07-11
1406,44,5,2024-07-31
1407,27,5,2024-12-30
1408,38,4,2024-08-17
1409,18,3,2024-11-14
1410,1,4,2024-12-21
1411,10,2,2024-06-03
1412,13,5,2024-11-29
1413,20,4,2024-09-26
1414,39,3,2024-07-30
1415,22,5,2024-09-11
1416,40,4,2024-02-29
1417,8,5,2024-03-08
1418,38,5,2024-11-01
1419,14,3,2024-01-27
1420,37,4,2024-10-10
1421,34,3,2024-01-22
1422,47,5,2024-03-30
1423,29,3,2024-03-06
1424,23,2,2024-01-21
1425,35,4,2024-06-28
1426,47,3,2024-11-26
1427,18,4,2024-06-08
1428,26,2,2024-02-29
1429,2,4,2024-11-21
1430,39,3,2024-07-21
1431,39,2,2024-07-29
1432,39,4,2024-08-29
1433,39,1,2024-10-15
1434,16,5,2024-03-23
1435,1,5,2024-01-23
1436,28,4,2024-11-28
1437,44,4,2024-10-14
1438,14,4,2024-01-31
1439,25,5,2024-04-25
1440,47,4,2024-08-30
1441,48,5,2024-11-19
1442,49,3,2024-01-18
1443,33,3,2024-08-23
1444,29,5,2024-05-09
1445,39,2,2024-01-19
1446,49,3,2024-08-04
1447,38,1,2024-09-25
1448,16,5,2024-12-30
1449,45,4,2024-12-02
1450,43,5,2024-06-20
1451,31,4,2024-03-21
1452,23,1,2024-11-20
1453,10,4,2024-09-02
1454,8,4,2024-11-27
1455,14,3,2024-06-24
1456,21,3,2024-05-23
1457,35,5,2024-07-14
1458,50,5,2024-07-26
1459,6,2,2024-12-05
1460,16,1,2024-02-09
1461,49,4,2024-11-09
1462,21,3,2024-12-19
1463,1,5,2024-03-17
1464,19,5,2024-05-08
1465,4,4,2024-04-11
1466,32,4,2024-11-12
1467,32,2,2024-03-06
1468,19,2,2024-02-19
1469,4,4,2024-06-10
1470,2,5,2024-05-31
1471,1,4,2024-12-01
1472,44,3,2024-12-08
1473,33,4,2024-10-30
1474,27,2,2024-07-08
1475,34,2,2024-10-09
1476,30,5,2024-11-28
1477,49,4,2024-07-02
1478,13,4,2024-09-16
1479,42,4,2024-04-01
1480,30,3,2024-05-30
1481,40,3,2024-04-12
1482,35,2,2024-04-22
1483,24,4,2024-09-29
1484,15,4,2024-04-02
1485,45,3,2024-10-21
1486,40,3,2024-08-10
1487,3,4,2024-09-20
1488,31,1,2024-04-05
1489,33,4,2024-09-04
1490,46,4,2024-06-16
1491,19,3,2024-07-19
1492,8,3,2024-08-21
1493,33,5,2024-03-20
1494,5,5,2024-08-13
1495,11,2,2024-02-04
1496,7,5,2024-05-21
1497,1,5,2024-05-15
1498,34,2,2024-07-09
1499,46,1,2024-07-13
1500,30,4,2024-02-24
1501,23,2,2024-12-24
1502,40,2,2024-03-26
1503,27,5,2024-10-08
1504,15,3,2024-12-17
1505,35,4,2024-10-13
1506,5,5,2024-10-13
1507,14,5,2024-08-18
1508,26,4,2024-07-12
1509,7,1,2024-03-29
1510,15,5,2024-01-08
1511,8,2,2024-06-10
1512,26,5,2024-01-27
1513,42,3,2024-08-25
1514,1,4,2024-01-29
1515,38,4,2024-11-01
1516,40,4,2024-08-27
1517,21,4,2024-12-07
1518,38,3,2024-09-17
1519,14,2,2024-07-16
1520,32,2,2024-10-25
1521,48,5,2024-05-22
1522,23,5,2024-08-11
1523,11,3,2024-11-24
1524,8,4,2024-01-28
1525,18,5,2024-02-23
1526,5,5,2024-07-04
1527,24,5,2024-01-15
1528,40,4,2024-04-01
1529,2,5,2024-11-07
1530,35,5,2024-07-07
1531,22,5,2024-05-02
1532,2,4,2024-07-02
1533,8,4,2024-06-05
1534,42,3,2024-01-28
1535,36,4,2024-05-09
1536,5,4,2024-07-12
1537,39,5,2024-02-06
1538,18,4,2024-01-06
1539,29,4,2024-12-14
1540,13,4,2024-12-17
1541,4,5,2024-08-11
1542,7,4,2024-11-27
1543,1,5,2024-12-22
1544,43,2,2024-01-23
1545,24,4,2024-10-20
1546,14,3,2024-03-18
1547,21,4,2024-12-27
1548,8,3,2024-01-22
1549,26,5,2024-09-20
1550,36,4,2024-09-22
1551,17,3,2024-08-16
1552,33,3,2024-06-24
1553,14,5,2024-03-13
1554,39,2,2024-06-13
1555,42,5,2024-02-29
1556,8,4,2024-06-22
1557,28,4,2024-04-18
1558,3,4,2024-10-26
1559,49,5,2024-03-06
1560,22,5,2024-08-08
1561,7,2,2024-03-19
1562,28,3,2024-10-29
1563,20,2,2024-07-07
1564,17,1,2024-07-19
1565,12,4,2024-08-13
1566,16,4,2024-07-18
1567,50,4,2024-07-01
1568,4,5,2024-04-10
1569,21,5,2024-05-21
1570,42,5,2024-06-13
1571,44,5,2024-05-13
1572,16,5,2024-09-23
1573,50,4,2024-09-06
1574,11,4,2024-07-26
1575,9,4,2024-04-15
1576,23,2,2024-05-20
1577,27,4,2024-11-25
1578,13,5,2024-12-30
1579,34,2,2024-10-20
1580,26,4,2024-06-22
1581,24,2,2024-05-03
1582,4,5,2024-01-06
1583,38,3,2024-06-26
1584,39,4,2024-11-12
1585,29,4,2024-02-08
1586,34,5,2024-04-20
1587,24,3,2024-02-01
1588,9,2,2024-08-21
1589,24,3,2024-04-02
1590,48,2,2024-02-18
1591,11,3,2024-09-29
1592,23,2,2024-03-29
1593,9,4,2024-06-12
1594,13,4,2024-05-14
1595,1,5,2024-06-02
1596,25,4,2024-05-03
1597,11,5,2024-06-27
1598,28,4,2024-03-10
1599,10,4,2024-07-24
1600,19,5,2024-01-07
1601,11,3,2024-02-07
1602,34,5,2024-10-18
1603,13,3,2024-08-23
1604,44,2,2024-05-16
1605,2,3,2024-07-14
1606,45,4,2024-04-12
1607,49,4,2024-11-10
1608,43,4,2024-07-30
1609,13,5,2024-03-30
1610,34,4,2024-01-26
1611,40,5,2024-04-02
1612,48,4,2024-10-25
1613,17,4,2024-03-02
1614,36,3,2024-06-12
1615,45,5,2024-04-03
1616,3,5,2024-12-12
1617,44,3,2024-10-28
1618,15,3,2024-02-26
1619,12,4,2024-03-12
1620,5,3,2024-02-07
1621,44,3,2024-02-21
1622,16,2,2024-09-19
1623,12,1,2024-01-16
1624,12,5,2024-03-30
1625,36,3,2024-11-23
1626,10,1,2024-01-09
1627,8,3,2024-11-18
1628,30,2,2024-10-02
1629,10,5,2024-01-26
1630,29,4,2024-06-30
1631,42,4,2024-05-05
1632,26,4,2024-06-24
1633,22,4,2024-02-02
1634,48,5,2024-11-19
1635,10,3,2024-11-22
1636,34,3,2024-08-27
1637,20,2,2024-12-24
1638,31,5,2024-04-17
1639,48,5,2024-04-06
1640,38,4,2024-04-17
1641,48,4,2024-11-21
1642,19,4,2024-03-12
1643,36,3,2024-10-22
1644,34,3,2024-03-09
1645,37,5,2024-11-17
1646,17,5,2024-02-17
1647,47,3,2024-11-02
1648,39,3,2024-02-11
1649,41,4,2024-04-21
1650,48,4,2024-07-05
1651,4,5,2024-05-11
1652,1,5,2024-05-15
1653,32,3,2024-04-24
1654,39,4,2024-05-29
1655,21,2,2024-03-29
1656,31,4,2024-01-01
1657,36,4,2024-01-13
1658,20,5,2024-06-09
1659,16,4,2024-01-04
1660,8,2,2024-03-16
1661,50,4,2024-05-06
1662,37,5,2024-03-16
1663,20,5,2024-01-08
1664,5,5,2024-09-07
1665,47,2,2024-01-27
1666,50,2,2024-10-18
1667,18,5,2024-12-13
1668,46,3,2024-05-26
1669,35,5,2024-12-30
1670,28,3,2024-09-06
1671,20,5,2024-07-01
1672,10,3,2024-12-25
1673,6,4,2024-05-28
1674,2,3,2024-12-27
1675,41,4,2024-10-05
1676,33,4,2024-08-29
1677,12,4,2024-07-28
1678,44,3,2024-10-27
1679,26,3,2024-05-07
1680,41,5,2024-02-03
1681,31,2,2024-09-26
1682,9,4,2024-10-05
1683,48,2,2024-01-22
1684,26,5,2024-05-08
1685,50,4,2024-03-03
1686,2,5,2024-03-08
1687,14,3,2024-05-02
1688,34,5,2024-04-25
1689,35,4,2024-10-30
1690,21,4,2024-02-11
1691,16,3,2024-07-07
1692,10,5,2024-08-17
1693,32,3,2024-01-01
1694,28,4,2024-02-11
1695,41,3,2024-11-17
1696,44,1,2024-03-14
1697,41,2,2024-12-29
1698,19,4,2024-03-05
1699,18,5,2024-08-15
1700,13,4,2024-12-11
1701,3,5,2024-03-01
1702,27,3,2024-05-10
1703,22,2,2024-08-13
1704,15,2,2024-07-09
1705,22,1,2024-06-13
1706,36,5,2024-01-22
1707,49,2,2024-08-07
1708,2,5,2024-07-22
1709,9,2,2024-09-02
1710,49,4,2024-03-21
1711,19,2,2024-06-17
1712,39,3,2024-01-06
1713,14,5,2024-04-04
1714,31,4,2024-04-10
1715,39,3,2024-05-14
1716,23,5,2024-03-15
1717,18,3,2024-03-20
1718,24,4,2024-07-14
1719,3,3,2024-05-13
1720,42,5,2024-11-18
1721,40,5,2024-05-05
1722,43,4,2024-10-08
1723,45,5,2024-10-30
1724,48,4,2024-10-12
1725,16,5,2024-11-02
1726,34,4,2024-09-07
1727,3,3,2024-01-21
1728,50,1,2024-10-02
1729,48,2,2024-11-05
1730,24,5,2024-05-01
1731,41,5,2024-07-23
1732,42,3,2024-05-22
1733,49,4,2024-11-21
1734,23,3,2024-05-10
1735,18,5,2024-01-27
1736,20,4,2024-04-24
1737,20,3,2024-05-27
1738,45,4,2024-08-21
1739,27,4,2024-02-24
1740,16,5,2024-11-08
1741,18,5,2024-09-15
1742,21,5,2024-11-06
1743,10,4,2024-04-27
1744,28,4,2024-02-16
1745,49,5,2024-01-09
1746,44,4,2024-12-03
1747,12,5,2024-04-02
1748,40,5,2024-01-29
1749,40,3,2024-01-02
1750,16,3,2024-02-04
1751,37,3,2024-07-02
1752,33,4,2024-09-15
1753,42,4,2024-08-25
1754,14,4,2024-07-17
1755,44,3,2024-04-16
1756,50,5,2024-11-01
1757,25,1,2024-11-23
1758,50,5,2024-11-26
1759,38,1,2024-10-18
1760,36,2,2024-02-17
1761,29,5,2024-05-31
1762,10,3,2024-11-22
1763,6,5,2024-11-30
1764,32,4,2024-03-12
1765,20,4,2024-08-03
1766,19,4,2024-07-12
1767,37,4,2024-04-01
1768,12,3,2024-01-02
1769,18,4,2024-07-16
1770,48,4,2024-05-10
1771,16,2,2024-10-08
1772,32,3,2024-08-08
1773,47,2,2024-04-08
1774,50,2,2024-10-31
1775,43,5,2024-03-01
1776,50,4,2024-06-10
1777,21,3,2024-04-18
1778,28,4,2024-02-02
1779,44,4,2024-03-26
1780,7,2,2024-02-10
1781,24,2,2024-05-13
1782,9,4,2024-06-17
1783,15,4,2024-07-10
1784,35,5,2024-07-24
1785,29,4,2024-07-27
1786,20,3,2024-03-18
1787,6,5,2024-04-25
1788,22,3,2024-07-26
1789,13,2,2024-11-17
1790,43,4,2024-02-11
1791,22,5,2024-12-31
1792,44,5,2024-10-08
1793,6,4,2024-05-11
1794,30,2,2024-10-20
1795,9,5,2024-02-29
1796,5,4,2024-03-14
1797,29,4,2024-07-25
1798,25,3,2024-07-31
1799,7,4,2024-01-08
1800,23,5,2024-10-26
1801,11,3,2024-03-25
1802,21,4,2024-11-10
1803,2,5,2024-01-21
1804,25,3,2024-12-21
1805,10,4,2024-06-07
1806,9,3,2024-12-12
1807,22,3,2024-10-07
1808,6,3,2024-06-25
1809,33,3,2024-11-23
1810,1,5,2024-07-21
1811,31,4,2024-08-12
1812,28,5,2024-11-19
1813,2,4,2024-01-05
1814,15,5,2024-10-16
1815,38,3,2024-10-07
1816,49,5,2024-08-28
1817,37,3,2024-06-16
1818,24,3,2024-10-15
1819,46,4,2024-10-19
1820,14,2,2024-06-12
1821,27,5,2024-07-31
1822,34,4,2024-09-14
1823,46,5,2024-03-22
1824,13,2,2024-05-14
1825,8,4,2024-12-17
1826,16,4,2024-05-01
1827,27,4,2024-02-04
1828,50,4,2024-01-19
1829,2,4,2024-09-05
1830,25,4,2024-07-22
1831,22,4,2024-01-28
1832,20,3,2024-01-11
1833,25,4,2024-09-10
1834,47,3,2024-07-03
1835,9,1,2024-05-12
1836,2,4,2024-10-24
1837,37,3,2024-05-02
1838,11,5,2024-02-11
1839,31,3,2024-04-26
1840,18,3,2024-09-11
1841,21,2,2024-11-11
1842,27,1,2024-09-15
1843,9,5,2024-10-07
1844,46,1,2024-05-18
1845,23,1,2024-09-21
1846,10,4,2024-02-15
1847,48,4,2024-08-08
1848,34,5,2024-11-04
1849,31,3,2024-08-24
1850,47,4,2024-10-31
1851,48,5,2024-01-08
1852,9,4,2024-10-17
1853,2,5,2024-11-12
1854,17,4,2024-09-29
1855,38,4,2024-02-25
1856,33,4,2024-10-15
1857,31,3,2024-04-06
1858,21,4,2024-10-29
1859,47,4,2024-04-14
1860,30,4,2024-12-01
1861,2,4,2024-11-27
1862,31,4,2024-12-28
1863,38,4,2024-05-07
1864,23,2,2024-06-03
1865,50,4,2024-12-22
1866,7,4,2024-03-14
1867,24,4,2024-09-26
1868,45,3,2024-04-30
1869,46,3,2024-05-24
1870,6,3,2024-11-12
1871,34,4,2024-10-20
1872,25,5,2024-04-25
1873,29,1,2024-08-11
1874,25,3,2024-01-30
1875,31,4,2024-09-17
1876,12,3,2024-07-07
1877,28,4,2024-10-28
1878,28,4,2024-04-02
1879,20,5,2024-08-19
1880,10,5,2024-02-20
1881,8,4,2024-12-05
1882,23,4,2024-05-10
1883,44,4,2024-06-22
1884,2,4,2024-12-24
1885,8,4,2024-08-09
1886,5,5,2024-06-16
1887,21,4,2024-10-12
1888,8,3,2024-04-19
1889,22,4,2024-08-09
1890,5,4,2024-04-08
1891,36,3,2024-09-29
1892,35,2,2024-09-07
1893,50,4,2024-07-04
1894,50,2,2024-06-15
1895,40,4,2024-06-03
1896,30,2,2024-07-18
1897,7,3,2024-12-29
1898,47,5,2024-02-21
1899,27,4,2024-05-30
1900,30,4,2024-06-09
1901,24,3,2024-05-31
1902,13,5,2024-02-23
1903,46,5,2024-07-29
1904,3,4,2024-06-16
1905,22,5,2024-01-30
1906,26,5,2024-03-06
1907,29,4,2024-08-01
1908,35,4,2024-10-19
1909,43,5,2024-06-17
1910,28,4,2024-12-16
1911,46,4,2024-05-27
1912,10,2,2024-03-11
1913,38,4,2024-03-02
1914,14,3,2024-10-25
1915,4,5,2024-03-06
1916,10,4,2024-03-22
1917,42,3,2024-11-07
1918,41,5,2024-02-25
1919,8,5,2024-06-15
1920,12,2,2024-10-04
1921,25,2,2024-12-07
1922,23,1,2024-02-05
1923,10,5,2024-02-19
1924,15,5,2024-11-06
1925,13,4,2024-03-09
1926,45,5,2024-04-06
1927,21,5,2024-08-30
1928,19,3,2024-09-25
1929,6,3,2024-11-18
1930,29,4,2024-08-16
1931,49,1,2024-09-13
1932,38,4,2024-09-02
1933,28,4,2024-09-23
1934,33,3,2024-10-30
1935,14,1,2024-05-05
1936,31,5,2024-07-22
1937,3,5,2024-02-06
1938,50,5,2024-12-01
1939,18,2,2024-01-18
1940,45,5,2024-10-22
1941,31,2,2024-12-07
1942,6,1,2024-07-01
1943,13,4,2024-11-25
1944,40,1,2024-04-18
1945,33,5,2024-08-03
1946,5,5,2024-05-02
1947,22,3,2024-10-29
1948,34,4,2024-08-23
1949,4,3,2024-11-01
1950,29,4,2024-04-21
1951,43,2,2024-01-23
1952,31,4,2024-07-22
1953,23,4,2024-08-13
1954,49,5,2024-03-14
1955,36,3,2024-09-21
1956,42,3,2024-03-18
1957,2,4,2024-09-11
1958,26,4,2024-11-16
1959,50,3,2024-10-20
1960,48,4,2024-08-10
1961,39,3,2024-03-05
1962,10,3,2024-02-17
1963,36,3,2024-10-05
1964,50,4,2024-06-28
1965,22,3,2024-12-03
1966,30,4,2024-08-25
1967,14,5,2024-10-29
1968,27,4,2024-05-28
1969,30,3,2024-07-18
1970,24,2,2024-03-05
1971,30,3,2024-12-19
1972,25,5,2024-05-10
1973,15,4,2024-11-11
1974,37,2,2024-03-15
1975,45,5,2024-10-19
1976,33,3,2024-11-17
1977,24,3,2024-02-09
1978,40,4,2024-11-26
1979,15,3,2024-08-27
1980,40,5,2024-09-22
1981,3,4,2024-01-12
1982,42,1,2024-06-02
1983,27,4,2024-07-25
1984,16,5,2024-08-06
1985,38,4,2024-01-01
1986,33,5,2024-02-25
1987,38,3,2024-02-26
1988,42,3,2024-02-13
1989,29,3,2024-02-15
1990,37,4,2024-01-03
1991,40,2,2024-04-03
1992,7,1,2024-06-20
1993,42,3,2024-07-15
1994,27,5,2024-12-24
1995,11,3,2024-04-07
1996,44,4,2024-04-03
1997,21,5,2024-03-02
1998,10,3,2024-06-15
1999,23,3,2024-12-14
2000,45,4,2024-01-16
2001,18,3,2024-10-23
2002,18,5,2024-07-23
2003,32,5,2024-04-27
2004,19,5,2024-03-06
2005,45,3,2024-08-22
2006,46,5,2024-11-28
2007,1,5,2024-02-19
2008,40,3,2024-05-13
2009,27,5,2024-04-03
2010,8,5,2024-07-21
2011,26,5,2024-02-26
2012,14,5,2024-09-01
2013,35,4,2024-02-01
2014,20,4,2024-12-29
2015,29,5,2024-02-27
2016,24,3,2024-08-16
2017,8,5,2024-04-18
2018,49,4,2024-01-13
2019,2,5,2024-03-25
2020,14,4,2024-05-07
2021,13,3,2024-06-21
2022,34,5,2024-08-14
2023,26,1,2024-06-19
2024,7,4,2024-09-24
2025,17,4,2024-05-13
2026,2,5,2024-01-21
2027,17,3,2024-12-18
2028,35,4,2024-02-24
2029,9,4,2024-10-08
2030,18,3,2024-10-11
2031,49,3,2024-09-18
2032,11,5,2024-12-20
2033,20,4,2024-04-15
2034,46,4,2024-10-22
2035,10,4,2024-06-19
2036,2,5,2024-12-05
2037,42,2,2024-10-10
2038,35,4,2024-11-26
2039,33,4,2024-04-22
2040,42,5,2024-04-07
2041,28,4,2024-01-06
2042,46,4,2024-02-03
2043,7,1,2024-01-18
2044,40,4,2024-12-04
2045,18,2,2024-01-03
2046,11,4,2024-03-05
2047,22,5,2024-04-26
2048,50,3,2024-02-24
2049,44,3,2024-11-20
2050,22,4,2024-09-11
2051,41,4,2024-01-02
2052,3,5,2024-03-01
2053,30,5,2024-09-26
2054,49,4,2024-09-18
2055,6,5,2024-01-29
2056,26,3,2024-09-01
2057,44,4,2024-05-23
2058,50,3,2024-10-22
2059,2,5,2024-05-03
2060,8,4,2024-10-27
2061,27,4,2024-10-08
2062,24,3,2024-02-02
2063,32,4,2024-05-13
2064,16,4,2024-06-23
2065,25,5,2024-01-29
2066,8,5,2024-01-20
2067,5,5,2024-02-23
2068,30,3,2024-09-16
2069,26,4,2024-05-09
2070,5,4,2024-06-21
2071,37,5,2024-02-19
2072,31,5,2024-06-04
2073,36,3,2024-11-17
2074,30,4,2024-09-04
2075,12,4,2024-08-25
2076,38,1,2024-12-27
2077,20,5,2024-03-31
2078,8,3,2024-10-08
2079,21,5,2024-09-16
2080,33,4,2024-10-27
2081,28,3,2024-04-13
2082,37,3,2024-03-02
2083,28,3,2024-09-05
2084,6,2,2024-07-15
2085,18,3,2024-03-02
2086,32,5,2024-07-17
2087,1,5,2024-07-19
2088,2,5,2024-07-06
2089,22,4,2024-05-11
2090,40,4,2024-03-22
2091,12,3,2024-12-07
2092,37,2,2024-07-10
2093,26,2,2024-08-03
2094,43,2,2024-08-16
2095,48,3,2024-06-09
2096,9,5,2024-03-10
2097,34,4,2024-02-24
2098,32,4,2024-09-04
2099,35,5,2024-08-24
2100,2,4,2024-01-29
2101,37,5,2024-04-12
2102,37,5,2024-11-08
2103,35,5,2024-09-29
2104,15,4,2024-12-27
2105,11,4,2024-09-12
2106,7,2,2024-09-08
2107,10,5,2024-01-11
2108,42,4,2024-11-24
2109,9,4,2024-10-31
2110,36,5,2024-03-25
2111,16,5,2024-04-01
2112,50,3,2024-03-07
2113,42,3,2024-03-27
2114,19,4,2024-07-16
2115,21,2,2024-09-25
2116,40,3,2024-09-14
2117,40,3,2024-06-09
2118,23,4,2024-08-27
2119,10,5,2024-09-03
2120,3,4,2024-09-29
2121,6,5,2024-09-29
2122,6,5,2024-05-07
2123,28,5,2024-12-18
2124,10,3,2024-12-15
2125,37,3,2024-04-09
2126,5,4,2024-06-29
2127,49,4,2024-09-05
2128,8,1,2024-10-08
2129,9,5,2024-10-06
2130,24,2,2024-04-23
2131,34,4,2024-03-22
2132,35,5,2024-10-14
2133,8,4,2024-04-19
2134,7,5,2024-12-20
2135,26,2,2024-12-13
2136,40,4,2024-08-12
2137,34,1,2024-06-08
2138,42,3,2024-12-11
2139,22,4,2024-01-06
2140,35,4,2024-09-18
2141,17,4,2024-09-13
2142,8,3,2024-02-05
2143,37,2,2024-07-04
2144,46,5,2024-01-30
2145,23,3,2024-03-19
2146,10,2,2024-11-07
2147,24,5,2024-05-21
2148,25,5,2024-04-12
2149,26,5,2024-09-15
2150,26,4,2024-01-09
2151,19,4,2024-02-17
2152,8,3,2024-09-27
2153,7,3,2024-10-19
2154,11,5,2024-01-12
2155,34,1,2024-06-13
2156,2,5,2024-01-09
2157,24,3,2024-08-13
2158,26,4,2024-02-06
2159,6,5,2024-08-13
2160,38,4,2024-04-02
2161,27,3,2024-09-07
2162,9,3,2024-03-05
2163,27,2,2024-01-29
2164,3,5,2024-12-06
2165,47,3,2024-08-04
2166,12,5,2024-10-28
2167,14,4,2024-03-31
2168,34,4,2024-01-12
2169,49,2,2024-03-31
2170,44,5,2024-11-23
2171,10,3,2024-09-18
2172,18,3,2024-10-22
2173,48,3,2024-02-15
2174,29,5,2024-09-18
2175,10,4,2024-10-25
2176,13,5,2024-04-14
2177,24,5,2024-08-20
2178,30,4,2024-05-27
2179,33,5,2024-04-25
2180,45,5,2024-12-14
2181,41,5,2024-05-13
2182,12,5,2024-05-20
2183,4,4,2024-02-18
2184,6,3,2024-07-10
2185,2,5,2024-08-25
2186,23,3,2024-06-20
2187,28,5,2024-12-31
2188,25,5,2024-01-08
2189,24,5,2024-01-15
2190,19,5,2024-05-08
2191,39,4,2024-10-16
2192,15,5,2024-07-06
2193,7,5,2024-08-23
2194,7,5,2024-02-04
2195,2,4,2024-08-05
2196,28,5,2024-09-08
2197,49,4,2024-04-30
2198,21,3,2024-07-20
2199,10,4,2024-12-12
2200,2,5,2024-09-06
2201,13,3,2024-07-09
2202,28,5,2024-10-21
2203,3,5,2024-09-15
2204,50,2,2024-06-13
2205,3,5,2024-10-11
2206,31,2,2024-07-30
2207,14,3,2024-11-24
2208,25,3,2024-05-08
2209,24,2,2024-05-18
2210,12,5,2024-11-22
2211,1,5,2024-06-15
2212,41,3,2024-10-10
2213,17,5,2024-01-15
2214,2,4,2024-01-20
2215,17,5,2024-08-11
2216,5,5,2024-03-06
2217,36,5,2024-08-16
2218,16,4,2024-12-20
2219,32,3,2024-07-25
2220,45,4,2024-08-20
2221,19,3,2024-10-12
2222,36,2,2024-01-25
2223,33,5,2024-12-26
2224,41,5,2024-03-15
2225,43,4,2024-12-07
2226,15,5,2024-05-13
2227,4,5,2024-04-19
2228,16,5,2024-06-09
2229,49,4,2024-08-05
2230,36,3,2024-12-17
2231,41,4,2024-09-11
2232,34,2,2024-10-04
2233,26,4,2024-09-26
2234,17,1,2024-12-24
2235,18,4,2024-08-14
2236,32,5,2024-10-10
2237,23,5,2024-03-05
2238,18,4,2024-09-06
2239,28,4,2024-06-14
2240,35,4,2024-12-19
2241,2,5,2024-07-20
2242,38,5,2024-05-07
2243,32,3,2024-02-23
2244,22,2,2024-12-25
2245,6,3,2024-10-28
2246,22,4,2024-01-09
2247,43,5,2024-12-06
2248,36,4,2024-09-13
2249,32,4,2024-03-31
2250,26,4,2024-06-12
2251,20,3,2024-07-31
2252,30,4,2024-08-22
2253,13,5,2024-10-26
2254,7,3,2024-04-03
2255,21,5,2024-05-31
2256,26,4,2024-08-07
2257,21,5,2024-01-31
2258,41,5,2024-01-05
2259,48,5,2024-05-13
2260,23,2,2024-11-14
2261,34,5,2024-03-27
2262,10,2,2024-08-21
2263,2,3,2024-03-03
2264,24,2,2024-07-31
2265,37,5,2024-04-25
2266,12,3,2024-10-29
2267,44,4,2024-11-30
2268,21,3,2024-02-13
2269,28,5,2024-06-03
2270,35,2,2024-01-17
2271,1,4,2024-08-30
2272,7,3,2024-12-31
2273,46,3,2024-12-04
2274,30,1,2024-12-09
2275,12,4,2024-03-06
2276,22,3,2024-09-22
2277,40,3,2024-01-07
2278,2,4,2024-04-21
2279,6,5,2024-07-13
2280,29,3,2024-04-17
2281,27,2,2024-11-09
2282,36,2,2024-07-08
2283,50,4,2024-06-10
2284,45,2,2024-07-10
2285,29,3,2024-12-05
2286,40,4,2024-03-31
2287,45,4,2024-06-02
2288,27,3,2024-12-25
2289,39,4,2024-11-16
2290,48,5,2024-05-17
2291,10,5,2024-04-06
2292,3,4,2024-05-13
2293,35,5,2024-04-15
2294,49,3,2024-03-04
2295,3,3,2024-07-10
2296,3,5,2024-08-01
2297,43,4,2024-01-13
2298,21,5,2024-07-28
2299,44,3,2024-06-02
2300,18,4,2024-11-11
2301,38,4,2024-11-29
2302,15,5,2024-05-30
2303,3,5,2024-11-04
2304,29,3,2024-05-24
2305,29,1,2024-11-13
2306,44,5,2024-07-27
2307,13,5,2024-05-04
2308,3,3,2024-01-22
2309,19,5,2024-04-08
2310,5,5,2024-10-06
2311,8,4,2024-03-14
2312,34,4,2024-03-11
2313,48,2,2024-10-12
2314,38,5,2024-07-31
2315,44,5,2024-06-02
2316,15,5,2024-12-26
2317,31,2,2024-06-29
2318,9,2,2024-08-11
2319,48,5,2024-10-10
2320,13,3,2024-09-22
2321,44,3,2024-05-08
2322,38,5,2024-03-10
2323,17,2,2024-04-02
2324,25,3,2024-06-19
2325,15,5,2024-01-22
2326,20,3,2024-08-28
2327,22,2,2024-10-03
2328,1,4,2024-02-02
2329,41,5,2024-01-02
2330,43,3,2024-08-31
2331,39,4,2024-11-01
2332,37,3,2024-07-16
2333,39,3,2024-04-15
2334,43,4,2024-06-14
2335,9,4,2024-02-08
2336,16,4,2024-05-17
2337,17,4,2024-02-28
2338,48,4,2024-01-02
2339,1,4,2024-12-03
2340,31,5,2024-05-01
2341,36,2,2024-12-02
2342,13,4,2024-12-11
2343,46,4,2024-07-09
2344,25,3,2024-01-18
2345,24,5,2024-07-13
2346,15,3,2024-06-19
2347,20,3,2024-06-04
2348,37,2,2024-11-28
2349,17,5,2024-10-08
2350,5,5,2024-10-27
2351,11,5,2024-10-02
2352,15,3,2024-04-08
2353,13,1,2024-09-04
2354,12,5,2024-04-14
2355,27,1,2024-01-28
2356,19,3,2024-07-26
2357,3,4,2024-11-06
2358,21,5,2024-04-15
2359,23,4,2024-06-25
2360,16,5,2024-09-07
2361,20,4,2024-04-01
2362,25,4,2024-12-15
2363,45,3,2024-11-18
2364,24,5,2024-06-26
2365,24,3,2024-06-21
2366,12,2,2024-07-03
2367,6,5,2024-10-10
2368,14,3,2024-06-15
2369,48,3,2024-12-16
2370,2,4,2024-02-13
2371,35,3,2024-04-08
2372,3,5,2024-04-08
2373,42,3,2024-08-12
2374,12,5,2024-05-01
2375,1,5,2024-05-03
2376,23,4,2024-05-17
2377,44,3,2024-11-30
2378,29,5,2024-03-19
2379,7,4,2024-08-31
2380,23,3,2024-11-07
2381,14,1,2024-01-10
2382,4,4,2024-02-22
2383,25,2,2024-02-17
2384,35,5,2024-10-08
2385,28,4,2024-09-25
2386,26,5,2024-12-18
2387,16,3,2024-10-06
2388,4,3,2024-07-04
2389,43,4,2024-01-23
2390,6,2,2024-11-19
2391,22,4,2024-05-19
2392,32,3,2024-12-25
2393,30,5,2024-09-09
2394,3,5,2024-09-18
2395,12,4,2024-02-09
2396,27,3,2024-04-09
2397,29,3,2024-02-26
2398,17,4,2024-11-21
2399,8,4,2024-07-26
2400,20,5,2024-04-04
2401,9,3,2024-09-26
2402,26,5,2024-02-17
2403,37,3,2024-03-07
2404,11,3,2024-02-10
2405,2,4,2024-06-25
2406,15,4,2024-05-10
2407,27,1,2024-08-23
2408,19,2,2024-03-16
2409,49,4,2024-07-12
2410,8,4,2024-11-21
2411,29,2,2024-06-05
2412,48,5,2024-06-07
2413,21,4,2024-12-14
2414,21,5,2024-09-06
2415,15,3,2024-08-28
2416,37,5,2024-11-22
2417,5,4,2024-01-25
2418,34,5,2024-07-01
2419,31,5,2024-06-20
2420,5,5,2024-06-19
2421,1,5,2024-02-19
2422,46,5,2024-05-03
2423,6,3,2024-03-12
2424,2,5,2024-03-19
2425,9,4,2024-04-20
2426,5,4,2024-03-07
2427,17,4,2024-09-03
2428,41,5,2024-05-18
2429,40,5,2024-05-13
2430,21,2,2024-01-18
2431,32,2,2024-10-25
2432,47,4,2024-01-06
2433,29,3,2024-06-24
2434,16,4,2024-05-27
2435,2,5,2024-07-17
2436,30,4,2024-12-15
2437,25,5,2024-09-14
2438,32,4,2024-03-06
2439,29,3,2024-04-28
2440,15,2,2024-08-29
2441,48,3,2024-10-03
2442,3,5,2024-07-10
2443,38,4,2024-04-07
2444,20,3,2024-01-25
2445,43,3,2024-12-01
2446,32,3,2024-08-21
2447,44,2,2024-07-04
2448,18,2,2024-07-23
2449,5,5,2024-09-05
2450,32,3,2024-08-11
2451,46,5,2024-02-12
2452,46,4,2024-07-05
2453,18,4,2024-10-25
2454,9,4,2024-08-20
2455,38,5,2024-05-19
2456,14,5,2024-09-13
2457,10,4,2024-11-17
2458,18,3,2024-10-14
2459,27,3,2024-09-11
2460,35,4,2024-05-17
2461,10,5,2024-10-31
2462,15,4,2024-06-08
2463,40,3,2024-09-14
2464,10,5,2024-01-18
2465,5,5,2024-10-25
2466,19,4,2024-10-10
2467,9,4,2024-07-08
2468,7,3,2024-08-25
2469,26,3,2024-12-20
2470,26,5,2024-09-29
2471,4,5,2024-07-17
2472,4,5,2024-06-26
2473,13,5,2024-05-09
2474,30,1,2024-09-20
2475,4,5,2024-05-28
2476,13,2,2024-12-08
2477,25,4,2024-11-29
2478,42,3,2024-07-22
2479,30,5,2024-07-05
2480,38,5,2024-12-28
2481,34,3,2024-12-10
2482,29,4,2024-05-19
2483,27,2,2024-11-07
2484,41,1,2024-05-10
2485,37,5,2024-05-10
2486,44,4,2024-06-16
2487,39,5,2024-01-28
2488,27,2,2024-07-02
2489,39,3,2024-07-31
2490,31,5,2024-10-19
2491,41,5,2024-09-22
2492,12,5,2024-01-25
2493,21,2,2024-01-10
2494,11,4,2024-04-28
2495,9,4,2024-10-26
2496,31,3,2024-03-04
2497,13,3,2024-04-13
2498,25,4,2024-07-20
2499,32,5,2024-09-07
2500,37,4,2024-05-09
2501,29,5,2024-11-12
2502,46,3,2024-10-18
2503,10,4,2024-12-21
2504,36,4,2024-03-29
2505,42,3,2024-09-08
2506,14,1,2024-04-16
2507,27,5,2024-04-17
2508,2,4,2024-04-29
2509,7,3,2024-08-15
2510,36,3,2024-02-17
2511,31,5,2024-05-10
2512,6,4,2024-01-30
2513,8,4,2024-11-13
2514,25,3,2024-10-07
2515,13,5,2024-10-12
2516,36,5,2024-12-12
2517,41,5,2024-03-09
2518,21,3,2024-01-31
2519,8,5,2024-11-21
2520,2,5,2024-06-11
2521,23,4,2024-10-05
2522,45,5,2024-08-04
2523,14,4,2024-11-08
2524,8,5,2024-03-14
2525,28,4,2024-12-01
2526,45,3,2024-09-05
2527,28,5,2024-11-21
2528,44,4,2024-10-04
2529,24,4,2024-09-09
2530,50,5,2024-08-30
2531,7,3,2024-08-03
2532,17,3,2024-11-15
2533,42,3,2024-12-21
2534,5,5,2024-11-05
2535,37,3,2024-01-02
2536,22,2,2024-04-05
2537,41,3,2024-11-03
2538,49,4,2024-12-28
2539,14,2,2024-04-01
2540,17,3,2024-10-13
2541,4,5,2024-06-03
2542,48,5,2024-01-10
2543,21,4,2024-08-02
2544,3,4,2024-04-16
2545,25,3,2024-08-29
2546,2,5,2024-10-11
2547,7,4,2024-08-11
2548,29,5,2024-05-01
2549,18,4,2024-07-10
2550,13,3,2024-09-26
2551,33,4,2024-05-26
2552,24,5,2024-09-14
2553,6,2,2024-09-07
2554,21,4,2024-10-18
2555,33,1,2024-10-12
2556,19,3,2024-11-29
2557,8,4,2024-08-20
2558,6,4,2024-10-11
2559,41,5,2024-06-16
2560,12,4,2024-11-13
2561,18,4,2024-10-14
2562,36,5,2024-06-06
2563,43,5,2024-09-07
2564,9,5,2024-12-27
2565,28,4,2024-02-18
2566,43,3,2024-07-23
2567,1,4,2024-01-28
2568,13,3,2024-09-26
2569,42,4,2024-04-04
2570,20,3,2024-05-05
2571,31,2,2024-05-18
2572,19,3,2024-09-20
2573,41,3,2024-01-12
2574,12,4,2024-01-02
2575,6,3,2024-01-14
2576,21,4,2024-10-14
2577,36,4,2024-07-20
2578,4,5,2024-08-28
2579,29,3,2024-12-18
2580,13,3,2024-02-18
2581,13,3,2024-12-02
2582,41,4,2024-11-23
2583,23,4,2024-07-30
2584,44,3,2024-12-15
2585,39,3,2024-08-14
2586,41,4,2024-07-23
2587,40,3,2024-09-10
2588,42,4,2024-03-30
2589,39,2,2024-08-09
2590,35,5,2024-09-27
2591,47,5,2024-03-22
2592,42,4,2024-08-06
2593,28,5,2024-06-08
2594,34,3,2024-06-28
2595,44,3,2024-06-09
2596,40,4,2024-04-25
2597,42,4,2024-10-19
2598,5,4,2024-02-18
2599,12,5,2024-06-27
2600,24,3,2024-01-04
2601,31,4,2024-05-02
2602,29,2,2024-12-04
2603,2,5,2024-09-21
2604,12,3,2024-02-12
2605,3,4,2024-12-26
2606,4,5,2024-09-08
2607,21,3,2024-02-10
2608,24,2,2024-04-15
2609,28,3,2024-09-12
2610,3,4,2024-04-27
2611,9,4,2024-03-25
2612,20,5,2024-06-30
2613,29,3,2024-02-12
2614,49,3,2024-03-30
2615,28,5,2024-11-30
2616,19,5,2024-02-16
2617,44,3,2024-06-23
2618,33,4,2024-05-05
2619,19,4,2024-01-13
2620,7,4,2024-08-26
2621,42,2,2024-01-28
2622,33,3,2024-10-10
2623,24,4,2024-02-06
2624,22,3,2024-09-18
2625,26,2,2024-10-15
2626,5,5,2024-02-17
2627,4,4,2024-04-15
2628,22,2,2024-01-05
2629,39,3,2024-10-21
2630,1,5,2024-07-11
2631,33,5,2024-06-13
2632,16,4,2024-09-13
2633,17,3,2024-07-27
2634,40,5,2024-05-25
2635,33,5,2024-03-29
2636,3,5,2024-05-31
2637,28,3,2024-07-21
2638,38,3,2024-03-18
2639,40,3,2024-04-04
2640,15,4,2024-12-11
2641,12,2,2024-07-14
2642,33,5,2024-04-14
2643,31,5,2024-07-08
2644,35,4,2024-07-02
2645,27,4,2024-06-21
2646,33,2,2024-03-31
2647,27,4,2024-10-19
2648,13,4,2024-09-27
2649,11,5,2024-04-10
2650,44,5,2024-04-19
2651,12,4,2024-01-25
2652,10,4,2024-01-09
2653,48,5,2024-08-26
2654,13,2,2024-12-06
2655,36,2,2024-02-17
2656,17,4,2024-05-25
2657,28,4,2024-12-22
2658,20,3,2024-07-07
2659,9,4,2024-07-24
2660,25,3,2024-08-14
2661,42,3,2024-01-04
2662,27,5,2024-04-19
2663,29,3,2024-01-25
2664,17,3,2024-05-31
2665,31,4,2024-06-29
2666,19,4,2024-01-27
2667,18,3,2024-11-21
2668,45,4,2024-06-14
2669,18,4,2024-04-26
2670,41,2,2024-10-07
2671,19,3,2024-04-16
2672,23,1,2024-07-03
2673,43,4,2024-01-07
2674,36,3,2024-03-08
2675,28,3,2024-03-30
2676,49,3,2024-08-26
2677,1,5,2024-12-03
2678,22,5,2024-12-31
2679,3,5,2024-01-29
2680,30,3,2024-09-05
2681,47,4,2024-06-11
2682,33,4,2024-04-12
2683,18,3,2024-05-14
2684,19,4,2024-06-05
2685,36,2,2024-12-09
2686,19,5,2024-03-28
2687,6,5,2024-06-30
2688,32,3,2024-12-16
2689,6,5,2024-06-09
2690,13,3,2024-10-22
2691,22,4,2024-02-23
2692,42,3,2024-10-12
2693,30,4,2024-04-09
2694,46,3,2024-06-27
2695,46,4,2024-08-03
2696,45,4,2024-01-06
2697,19,4,2024-01-05
2698,16,5,2024-06-05
2699,8,5,2024-11-23
2700,1,4,2024-12-06
2701,44,4,2024-03-29
2702,25,3,2024-03-04
2703,48,3,2024-01-27
2704,38,5,2024-05-23
2705,12,3,2024-11-06
2706,40,5,2024-12-26
2707,19,5,2024-03-10
2708,35,5,2024-09-15
2709,18,3,2024-08-22
2710,13,4,2024-07-10
2711,35,3,2024-06-25
2712,25,4,2024-02-13
2713,38,4,2024-11-05
2714,22,4,2024-04-29
2715,31,3,2024-04-27
2716,29,5,2024-08-12
2717,38,3,2024-08-09
2718,33,3,2024-06-25
2719,23,5,2024-06-22
2720,33,5,2024-01-18
2721,39,1,2024-04-23
2722,43,4,2024-07-23
2723,23,4,2024-10-07
2724,46,5,2024-08-28
2725,43,5,2024-07-03
2726,4,5,2024-08-23
2727,31,2,2024-03-20
2728,29,3,2024-01-14
2729,50,4,2024-10-14
2730,18,4,2024-04-08
2731,4,5,2024-02-06
2732,38,5,2024-01-22
2733,4,5,2024-04-17
2734,11,3,2024-10-08
2735,11,4,2024-10-13
2736,21,3,2024-02-28
2737,50,5,2024-08-02
2738,50,4,2024-06-27
2739,1,5,2024-05-15
2740,13,4,2024-11-21
2741,20,4,2024-07-02
2742,44,4,2024-06-21
2743,2,5,2024-02-12
2744,43,4,2024-07-14
2745,7,4,2024-05-06
2746,8,3,2024-03-14
2747,32,5,2024-03-28
2748,9,4,2024-12-28
2749,33,4,2024-04-09
2750,12,4,2024-06-23
2751,47,5,2024-11-27
2752,33,3,2024-01-12
2753,41,5,2024-11-24
2754,48,4,2024-11-11
2755,25,4,2024-06-29
2756,25,4,2024-07-29
2757,3,5,2024-08-19
2758,11,3,2024-07-27
2759,1,4,2024-01-01
2760,19,3,2024-02-15
2761,25,4,2024-03-02
2762,35,4,2024-12-03
2763,12,3,2024-06-10
2764,41,3,2024-08-15
2765,41,4,2024-09-29
2766,45,5,2024-07-13
2767,50,2,2024-04-24
2768,49,4,2024-01-07
2769,46,5,2024-01-21
2770,23,4,2024-04-18
2771,32,4,2024-08-25
2772,8,3,2024-05-02
2773,33,3,2024-04-26
2774,11,3,2024-07-01
2775,38,2,2024-06-09
2776,31,3,2024-11-19
2777,24,4,2024-06-28
2778,23,4,2024-11-04
2779,23,3,2024-03-15
2780,4,4,2024-06-20
2781,35,4,2024-06-17
2782,26,4,2024-03-12
2783,25,3,2024-01-16
2784,44,4,2024-07-17
2785,24,2,2024-07-16
2786,2,3,2024-10-12
2787,32,3,2024-06-19
2788,39,5,2024-10-02
2789,12,4,2024-10-14
2790,42,4,2024-07-04
2791,43,4,2024-05-14
2792,29,3,2024-05-02
2793,19,3,2024-05-20
2794,7,3,2024-09-03
2795,3,5,2024-01-13
2796,25,5,2024-11-10
2797,39,3,2024-07-20
2798,8,4,2024-07-18
2799,12,3,2024-01-14
2800,3,5,2024-11-23
2801,31,2,2024-09-13
2802,36,4,2024-10-09
2803,15,5,2024-04-11
2804,23,3,2024-12-18
2805,10,3,2024-09-04
2806,31,3,2024-10-15
2807,26,5,2024-04-29
2808,39,4,2024-08-17
2809,20,2,2024-08-02
2810,16,3,2024-05-11
2811,10,3,2024-01-16
2812,30,5,2024-06-16
2813,11,2,2024-02-03
2814,43,4,2024-07-10
2815,43,3,2024-05-23
2816,44,4,2024-02-22
2817,30,5,2024-11-13
2818,41,4,2024-07-21
2819,9,4,2024-09-21
2820,35,5,2024-08-28
2821,17,5,2024-06-28
2822,42,5,2024-02-24
2823,39,4,2024-04-22
2824,6,5,2024-08-31
2825,23,5,2024-11-30
2826,2,4,2024-05-24
2827,25,2,2024-07-30
2828,21,4,2024-08-13
2829,17,4,2024-09-04
2830,1,5,2024-10-11
2831,30,5,2024-12-12
2832,23,4,2024-03-21
2833,44,5,2024-12-04
2834,24,4,2024-04-05
2835,13,2,2024-11-20
2836,12,5,2024-01-30
2837,32,4,2024-03-23
2838,28,2,2024-06-23
2839,43,4,2024-01-11
2840,37,4,2024-11-22
2841,30,5,2024-08-01
2842,46,1,2024-07-10
2843,1,5,2024-02-20
2844,2,5,2024-07-08
2845,31,3,2024-06-09
2846,26,3,2024-04-13
2847,32,4,2024-07-26
2848,8,2,2024-11-17
2849,37,4,2024-01-13
2850,36,5,2024-08-20
2851,7,3,2024-03-27
2852,25,3,2024-07-07
2853,16,4,2024-03-26
2854,11,4,2024-04-02
2855,37,5,2024-12-22
2856,2,5,2024-09-04
2857,33,2,2024-07-06
2858,22,3,2024-06-16
2859,45,3,2024-07-24
2860,38,3,2024-08-20
2861,41,3,2024-02-10
2862,40,3,2024-07-30
2863,28,4,2024-02-14
2864,22,3,2024-08-31
2865,22,4,2024-11-30
2866,30,5,2024-07-04
2867,5,4,2024-02-28
2868,6,1,2024-10-24
2869,49,3,2024-04-16
2870,10,4,2024-02-09
2871,38,3,2024-12-08
2872,24,3,2024-05-22
2873,44,5,2024-04-15
2874,13,5,2024-06-08
2875,29,3,2024-03-06
2876,13,5,2024-11-30
2877,49,5,2024-02-16
2878,25,5,2024-04-15
2879,48,4,2024-04-14
2880,4,5,2024-10-05
2881,24,4,2024-06-29
2882,15,2,2024-05-14
2883,42,3,2024-05-21
2884,7,4,2024-09-26
2885,40,2,2024-11-25
2886,45,3,2024-04-05
2887,25,3,2024-10-20
2888,40,1,2024-02-19
2889,41,4,2024-05-19
2890,48,4,2024-07-17
2891,36,2,2024-05-18
2892,18,2,2024-05-21
2893,43,2,2024-08-04
2894,50,4,2024-03-26
2895,36,3,2024-09-26
2896,16,5,2024-08-15
2897,49,3,2024-03-15
2898,48,4,2024-11-22
2899,9,4,2024-12-20
2900,47,4,2024-01-30
2901,32,5,2024-08-04
2902,48,2,2024-09-28
2903,50,4,2024-07-20
2904,15,1,2024-08-19
2905,8,3,2024-11-23
2906,41,5,2024-02-01
2907,11,1,2024-03-13
2908,9,2,2024-03-24
2909,47,5,2024-10-02
2910,36,4,2024-05-01
2911,46,3,2024-04-05
2912,26,4,2024-08-10
2913,47,4,2024-12-21
2914,5,5,2024-08-25
2915,17,3,2024-03-23
2916,24,4,2024-02-25
2917,24,5,2024-03-13
2918,43,5,2024-03-20
2919,1,5,2024-07-16
2920,35,3,2024-01-19
2921,36,4,2024-09-12
2922,29,3,2024-03-06
2923,3,5,2024-01-27
2924,2,5,2024-05-21
2925,13,5,2024-08-22
2926,27,5,2024-11-27
2927,29,3,2024-09-19
2928,40,2,2024-07-13
2929,44,3,2024-06-06
2930,18,3,2024-08-15
2931,39,1,2024-02-29
2932,36,4,2024-02-11
2933,31,3,2024-06-24
2934,14,4,2024-01-19
2935,49,4,2024-11-28
2936,38,4,2024-01-11
2937,22,3,2024-07-04
2938,43,3,2024-12-24
2939,50,4,2024-03-04
2940,20,4,2024-11-10
2941,35,3,2024-04-14
2942,17,5,2024-02-28
2943,25,3,2024-08-15
2944,5,5,2024-04-20
2945,47,4,2024-05-02
2946,29,3,2024-07-02
2947,32,4,2024-01-23
2948,44,4,2024-03-29
2949,48,4,2024-03-28
2950,42,4,2024-04-23
2951,34,4,2024-04-30
2952,37,3,2024-08-03
2953,1,4,2024-01-06
2954,44,4,2024-11-09
2955,37,3,2024-04-10
2956,34,5,2024-02-01
2957,11,4,2024-07-31
2958,11,4,2024-02-20
2959,41,5,2024-02-29
2960,3,4,2024-12-04
2961,34,4,2024-05-19
2962,1,4,2024-04-05
2963,8,2,2024-02-21
2964,2,5,2024-09-20
2965,5,5,2024-04-29
2966,38,3,2024-11-30
2967,1,4,2024-07-10
2968,4,5,2024-04-10
2969,20,5,2024-10-07
2970,45,3,2024-11-10
2971,41,2,2024-04-25
2972,7,4,2024-11-13
2973,42,5,2024-08-07
2974,19,3,2024-05-05
2975,45,5,2024-03-18
2976,20,3,2024-06-17
2977,2,3,2024-08-19
2978,25,2,2024-08-10
2979,2,4,2024-11-18
2980,39,4,2024-08-24
2981,1,5,2024-03-20
2982,21,4,2024-09-13
2983,34,4,2024-07-16
2984,37,4,2024-08-04
2985,5,5,2024-05-26
2986,27,5,2024-11-28
2987,26,4,2024-01-20
2988,25,4,2024-08-05
2989,34,5,2024-05-12
2990,30,2,2024-04-22
2991,5,5,2024-08-26
2992,21,2,2024-03-06
2993,42,5,2024-08-26
2994,50,3,2024-01-07
2995,36,3,2024-01-05
2996,19,4,2024-08-09
2997,36,4,2024-05-21
2998,26,2,2024-05-07
2999,17,3,2024-10-08
3000,43,3,2024-02-12
